{
  "hash": "b69d137a",
  "configHash": "8552dcf6",
  "lockfileHash": "a5e72bf6",
  "browserHash": "040632c3",
  "optimized": {
    "@angular/core": {
      "src": "../../../../../node_modules/@angular/core/fesm2022/core.mjs",
      "file": "@angular_core.js",
      "fileHash": "1d047726",
      "needsInterop": false
    },
    "@angular/platform-browser": {
      "src": "../../../../../node_modules/@angular/platform-browser/fesm2022/platform-browser.mjs",
      "file": "@angular_platform-browser.js",
      "fileHash": "9ae0c88b",
      "needsInterop": false
    },
    "@angular/router": {
      "src": "../../../../../node_modules/@angular/router/fesm2022/router.mjs",
      "file": "@angular_router.js",
      "fileHash": "aa16efdc",
      "needsInterop": false
    }
  },
  "chunks": {
    "chunk-2P6HCSBA": {
      "file": "chunk-2P6HCSBA.js"
    },
    "chunk-ZDDPHS7B": {
      "file": "chunk-ZDDPHS7B.js"
    }
  }
}